team,champion_prob,final_prob,semifinal_prob
Argentina,0.24645,0.40170,0.70870
Spain,0.21745,0.36330,0.66650
France,0.18710,0.37340,0.61565
England,0.12020,0.27705,0.58345
Morocco,0.07440,0.18530,0.38435
Norway,0.05760,0.16425,0.41655
Belgium,0.05350,0.12775,0.33350
Switzerland,0.04330,0.10725,0.29130
